id,title,description,code,price,quantity,
1,abc,dec,52,62192.17224,73,
2,efg,dec,4,71318.79502,99,
3,hij,dec,57,91325.74936,32,
4,klm,dec,52,18871.2562,4,
5,nop,dec,95,16385.46724,30,
6,zxc,dec,61,19317.21233,19,
7,dasda,dec,44,62625.76149,71,
8,assas,dec,12,70977.90223,76,
9,sdsw,dec,40,40682.21427,32,
10,dajf,dec,94,84444.81992,40,
11,ffqw,dec,96,13315.93761,25,
12,fasdfd,dec,17,29869.0703,54,
13,dsf,dec,42,13047.64696,50,
14,dfsf,dec,22,9253.417954,49,
15,sdf,dec,87,60030.27696,90,
16,sd,dec,35,95925.78199,79,
17,fs,dec,82,6328.769938,67,
18,fff,dec,71,71023.3562,9,
19,ffffa,dec,40,84555.57009,6,
